experiment_id,timestamp,model,model_display_name,persona_id,persona_name,travel_type_id,travel_type_name,prompt,response,tokens_used,latency_ms,success,error,response_char_count,response_word_count,response_line_count
exp_000,2025-01-21T10:15:32.456789,openai/gpt-5.1,GPT-5.1,persona_family,家族連れ（小学生の子供2人）,type_sightseeing,観光・名所巡り,あなたは家族連れ（小学生の子供2人）です。下関の観光名所を紹介してください。紹介相手は、観光・名所巡りを計画しています。1000文字程度で要約してください。,"下関は、家族連れにぴったりの観光名所が数多くある魅力的な街です。

まず訪れたいのは「海響館（下関市立しものせき水族館）」です。世界最大級のペンギン展示や、関門海峡を再現した水槽など、子供たちが楽しく学べる工夫がたくさんあります。特に、イルカとアシカのパフォーマンスは必見です。

次におすすめなのは「海峡ゆめタワー」。高さ153メートルの展望室からは、関門海峡や下関市街、晴れた日には九州まで一望できます。夜景も美しく、家族での記念撮影にぴったりです。

歴史好きなら「赤間神宮」も外せません。壇ノ浦の戦いで入水した安徳天皇を祀る神社で、竜宮城を思わせる朱色の水天門が印象的です。

「唐戸市場」では、新鮮な海の幸を味わえます。週末には「活きいき馬関街」が開催され、お寿司を気軽に食べ歩きできます。子供たちも大好きな海鮮丼やふく刺しが楽しめます。

「関門トンネル人道」を歩いて九州へ渡る体験も面白いです。海底トンネルを歩くという珍しい体験ができ、福岡県との県境を示す標識で記念撮影するのも楽しいですよ。

「火の山公園」は桜やツツジの名所で、遊具もあるので子供たちが遊べます。ロープウェイで山頂まで登ると、関門海峡の大パノラマが広がります。

最後に、「カモンワーフ」でお土産探しやグルメを楽しむのもおすすめです。下関名物のふく料理や海産物が揃っています。

下関は見どころが集中しているので、1日で複数の観光地を巡りやすく、小学生のお子さん連れでも無理なく楽しめる街です。",710,6542,True,,635,89,17
exp_001,2025-01-21T10:16:01.234567,anthropic/claude-sonnet-4.5,Claude Sonnet 4.5,persona_family,家族連れ（小学生の子供2人）,type_sightseeing,観光・名所巡り,あなたは家族連れ（小学生の子供2人）です。下関の観光名所を紹介してください。紹介相手は、観光・名所巡りを計画しています。1000文字程度で要約してください。,"下関市は本州最西端に位置し、家族で楽しめる観光スポットが充実しています。

【海響館】
関門海峡に面した市立水族館で、子供たちに大人気です。世界各地のペンギン100羽以上が暮らす「ペンギン村」は圧巻。関門海峡の潮流を再現した水槽では、フグの仲間たちが優雅に泳ぐ姿を観察できます。イルカとアシカのショーは、家族全員が楽しめる必見のプログラムです。

【関門海峡】
本州と九州を隔てる海峡で、大型船が行き交う様子は迫力満点。「関門トンネル人道」を歩けば、約15分で九州へ。海底を歩くという珍しい体験に、子供たちも大興奮間違いなしです。

【海峡ゆめタワー】
高さ153mの展望室から360度の大パノラマを楽しめます。関門海峡、関門橋、下関市街、巌流島、そして晴天時には四国まで見渡せます。

【赤間神宮】
壇ノ浦の戦いで入水した安徳天皇を祀る神社。竜宮城をイメージした朱塗りの水天門は、SNS映えする撮影スポットとしても人気です。平家物語の歴史を子供たちに伝える良い機会になります。

【唐戸市場】
週末の「活きいき馬関街」では、市場の店舗が新鮮な寿司や海鮮丼を販売。手頃な価格で本格的な味を楽しめます。下関名物のフグ料理も気軽に味わえます。

【カモンワーフ】
海峡沿いのシーサイドモールで、お土産探しや食事に最適。関門海峡を眺めながら、ゆっくり過ごせます。

移動距離が短く、子供連れでも効率よく観光できるのが下関の魅力です。",592,5821,True,,672,78,23
exp_002,2025-01-21T10:16:35.789012,google/gemini-2.5-flash-exp,Gemini 2.5 Flash,persona_senior,シニア夫婦,type_gourmet,グルメ・食べ歩き,あなたはシニア夫婦です。下関の観光名所を紹介してください。紹介相手は、グルメ・食べ歩きを計画しています。1000文字程度で要約してください。,"下関は「ふぐの本場」として知られ、グルメを楽しむシニア夫婦には最高の旅行先です。

**ふぐ料理**
下関は全国のふぐ取扱量の約8割を占める「ふぐの本場」。地元では「ふく（福）」と呼びます。唐戸市場周辺や市内の料亭では、てっさ（ふぐ刺し）、てっちり（ふぐ鍋）、唐揚げ、雑炊など、本格的なふぐのフルコースを堪能できます。特に冬場（10月～3月）が旬で、身が引き締まり最高の味わいです。

**唐戸市場**
「関門の台所」として親しまれる市場。週末と祝日には「活きいき馬関街」が開催され、市場の店舗が握りたての寿司や海鮮丼を販売します。フグ、アジ、イカ、ウニなど新鮮な魚介を使った料理を、リーズナブルな価格で味わえます。市場の2階には海峡を眺めながら食事できるスペースもあります。

**瓦そば**
川棚温泉発祥の名物料理。熱した瓦の上に茶そば、牛肉、錦糸卵、海苔などを載せた独特の一品。パリッとした食感と温かいめんつゆのハーモニーが絶品です。

**くじら料理**
下関は古くから捕鯨の町。くじらの刺身、竜田揚げ、ベーコンなど、希少なくじら料理が味わえます。唐戸市場や市内の居酒屋で提供されています。

**赤間神宮周辺**
歴史ある赤間神宮を参拝した後、周辺の老舗料亭でゆっくりと食事を楽しむのもおすすめです。

**カモンワーフ**
海峡沿いのシーサイドモール。下関の海の幸を使ったレストランが並び、景色を楽しみながらの食事が可能。お土産コーナーも充実しています。

下関の食は、歴史と伝統に裏打ちされた本物の味。ゆっくりと時間をかけて、関門の味覚を堪能してください。",654,4987,True,,708,81,19
exp_003,2025-01-21T10:17:12.345678,x-ai/grok-4-fast,Grok-4 Fast,persona_solo,一人旅（20代女性）,type_culture,歴史・文化体験,あなたは一人旅（20代女性）です。下関の観光名所を紹介してください。紹介相手は、歴史・文化体験を計画しています。1000文字程度で要約してください。,"下関は歴史と文化が息づく魅力的な街です。一人旅でじっくりと歴史に浸りたい方に最適な観光地をご紹介します。

**赤間神宮**
源平合戦の最終決戦地・壇ノ浦を望む場所に建つ神社。1185年の壇ノ浦の戦いで入水した幼帝・安徳天皇を祀っています。竜宮城を模した朱塗りの水天門は圧巻の美しさ。境内には平家一門の墓や、「耳なし芳一」ゆかりの芳一堂もあります。歴史ロマンを感じられる場所です。

**功山寺**
長府にある臨済宗の古刹。国宝の仏殿は鎌倉時代の建築で、禅宗様式の優美な姿が印象的です。高杉晋作が挙兵した場所としても有名。秋には境内が紅葉で彩られ、写真映えするスポットでもあります。

**長府城下町**
江戸時代の武家屋敷が残る風情ある町並み。石畳の小路を歩けば、タイムスリップしたような気分に。長府毛利邸や古江小路など、ゆっくり散策するのがおすすめです。

**日清講和記念館（春帆楼）**
日清戦争後の講和条約が結ばれた歴史的な場所。明治の国際関係を学べる資料が展示されています。また、ふぐ料理公許第一号の店としても知られています。

**巌流島**
宮本武蔵と佐々木小次郎の決闘の地として有名な無人島。船で約10分。島内には決闘の像やモニュメントがあり、歴史ファンなら一度は訪れたい場所です。

**みもすそ川公園**
関門海峡に面した公園。源義経と平知盛の像があり、壇ノ浦の戦いを偲ぶことができます。海峡を行き交う船を眺めながら、歴史に思いを馳せるのも素敵です。

下関は幕末から明治維新、そして源平合戦まで、様々な時代の歴史が層をなす街。一人でじっくりと巡ることで、歴史の深みを感じられるでしょう。",718,7234,True,,759,86,21
